2488112,lucy,UCB00000178,crc-gpu,1,1,14400,12963,547328kb,12987,1391793880,1391905890,1391914447,1391927435,0,singlejob,43.2900
2490186,wyldstyle,UCB00000191,janus-normal,21,12,86400,21710392,113415320kb,86429,1391841024,1391841024,1391841033,1391927463,-11,default,6050.0300
2468732,metalbeard,S00000232,janus-small,1,12,43200,159309,298188kb,13393,1391489055,1391914171,1391914191,1391927583,0,default,44.6433
2468698,metalbeard,S00000232,janus-small,1,12,43200,344489,310540kb,28871,1391488981,1391898836,1391898863,1391927733,0,default,96.2366
2488073,gandalf,UCB00000178,janus-small,1,12,86400,820612,124072kb,69136,1391791582,1391858648,1391858666,1391927801,0,singlejob,230.4533
2492322,metalbeard,S00000232,janus-small,1,12,36000,109290,244536kb,9212,1391885555,1391918880,1391919012,1391928224,0,default,30.7066
2492363,metalbeard,S00000232,janus-small,1,12,36000,108842,248840kb,9174,1391885568,1391919173,1391919205,1391928379,0,default,30.5800
2492785,badcop,S00000272,janus-short,19,12,7200,2,10692kb,20,1391930340,1391930340,1391930360,1391930381,0,default,1.2666
2492786,badcop,S00000272,janus-short,19,12,7200,2,10692kb,7,1391930715,1391930715,1391930746,1391930753,0,default,.4433
2492787,badcop,S00000272,janus-short,19,12,7200,132,233508kb,137,1391930858,1391930858,1391930874,1391931011,0,default,8.6766
2492788,badcop,S00000272,janus-short,19,12,7200,7,18396kb,18,1391931644,1391931644,1391931677,1391931695,0,default,1.1400
2488085,lucy,UCB00000178,crc-gpu,1,1,14400,12972,466616kb,12997,1391793134,1391918906,1391918916,1391931913,0,singlejob,43.3233
2492790,wyldstyle,UCB00000191,janus-short,10,12,14400,0,10700kb,2,1391932016,1391932016,1391932030,1391932032,131,default,.0666
2492793,badcop,S00000272,janus-short,1,12,7200,6,0kb,14,1391933666,1391933666,1391933669,1391933683,0,default,.0466
2492792,badcop,S00000272,janus-short,1,12,7200,6,203228kb,14,1391933649,1391933649,1391933669,1391933683,0,default,.0466
2492795,badcop,S00000272,janus-short,1,12,7200,83,3580772kb,24,1391933696,1391933696,1391933701,1391933725,0,default,.0800
2492794,badcop,S00000272,janus-short,1,12,7200,83,3717480kb,24,1391933680,1391933680,1391933701,1391933725,0,default,.0800
2492796,badcop,S00000272,janus-short,1,12,7200,83,3579764kb,23,1391933726,1391933726,1391933733,1391933756,0,default,.0766
2492797,badcop,S00000272,janus-short,1,12,7200,2,0kb,4,1391934458,1391934458,1391934471,1391934475,0,default,.0133
2492798,badcop,S00000272,janus-short,1,12,7200,2,0kb,3,1391934508,1391934508,1391934535,1391934538,0,default,.0100
2492799,badcop,S00000272,janus-short,1,12,7200,83,3511332kb,20,1391934561,1391934561,1391934568,1391934588,0,default,.0666
2492800,badcop,S00000272,janus-short,1,12,7200,83,3368400kb,24,1391934630,1391934630,1391934634,1391934661,0,default,.0800
2492405,metalbeard,S00000232,janus-small,1,12,36000,107314,256088kb,9046,1391885609,1391926289,1391926308,1391935355,0,default,30.1533
2492801,badcop,S00000272,janus-short,1,12,7200,83,3484036kb,21,1391935462,1391935462,1391935468,1391935489,0,default,.0700
2492802,badcop,S00000272,janus-short,1,12,7200,82,3675564kb,25,1391935556,1391935556,1391935565,1391935590,0,default,.0833
2492803,badcop,S00000272,janus-short,1,12,7200,83,3660540kb,21,1391935770,1391935770,1391935789,1391935810,0,default,.0700
2492804,badcop,S00000272,janus-short,1,12,7200,2,0kb,4,1391935906,1391935906,1391935918,1391935922,0,default,.0133
2492805,badcop,S00000272,janus-short,1,12,7200,83,3487996kb,21,1391936119,1391936119,1391936142,1391936163,0,default,.0700
2492806,badcop,S00000272,janus-short,1,12,7200,2,0kb,3,1391936215,1391936215,1391936239,1391936242,0,default,.0100
2492807,badcop,S00000272,janus-short,1,12,7200,2,0kb,4,1391936376,1391936376,1391936399,1391936403,0,default,.0133
2492808,badcop,S00000272,janus-short,1,12,7200,2,0kb,3,1391936500,1391936500,1391936531,1391936534,0,default,.0100
2492809,badcop,S00000272,janus-short,1,12,7200,2,0kb,3,1391936717,1391936717,1391936723,1391936726,0,default,.0100
2492323,metalbeard,S00000232,janus-small,1,12,36000,106647,247740kb,8992,1391885555,1391928224,1391928239,1391937231,0,default,29.9733
2492364,metalbeard,S00000232,janus-small,1,12,36000,105933,241016kb,8931,1391885568,1391928379,1391928400,1391937330,0,default,29.7700
2472740,metalbeard,S00000232,janus-small,1,12,21600,173685,280740kb,14594,1391642496,1391923149,1391923158,1391937752,0,default,48.6466
2492791,wyldstyle,UCB00000191,janus-short,10,12,14400,942594,58382808kb,7886,1391932091,1391932091,1391932094,1391939980,271,default,262.8666
2492781,gandalf,UCB00000178,crc-gpu,1,12,14340,12652,335736kb,12677,1391922008,1391922008,1391927467,1391940143,0,singlejob,42.2566
2468733,metalbeard,S00000232,janus-small,1,12,43200,162096,291628kb,13630,1391489055,1391927583,1391927595,1391941226,0,default,45.4333
2492810,wyldstyle,UCB00000191,janus-short,10,12,14400,296876,55167288kb,2488,1391939968,1391939968,1391939999,1391942488,139,default,82.9333
2492406,metalbeard,S00000232,janus-small,1,12,36000,106234,245480kb,8957,1391885609,1391935354,1391935373,1391944329,0,default,29.8566
2488113,lucy,UCB00000178,crc-gpu,1,1,14400,12973,499940kb,12999,1391793884,1391927435,1391931933,1391944932,0,singlejob,43.3300
2490224,wyldstyle,UCB00000191,janus-normal,21,12,86400,21713718,119151536kb,86439,1391841792,1391859197,1391859199,1391945640,-11,default,6050.7300
2465761,gandalf,UCB00000233,janus-long,1,1,180000,864243,1737056kb,152901,1391113589,1391113589,1391792839,1391945740,0,default,42.4725
2492324,metalbeard,S00000232,janus-small,1,12,36000,107557,253252kb,9072,1391885556,1391937231,1391937248,1391946319,0,default,30.2400
2492365,metalbeard,S00000232,janus-small,1,12,36000,106911,237112kb,9014,1391885568,1391937330,1391937343,1391946360,0,default,30.0466
2465937,gandalf,UCB00000233,janus-long,1,1,216000,142629,15488kb,156238,1391129834,1391129834,1391792867,1391949105,0,default,43.3994
2492570,gandalf,UCB00000178,janus-small,1,12,86400,172432,939148kb,54493,1391895570,1391895570,1391895581,1391950074,0,singlejob,181.6433
2472741,metalbeard,S00000232,janus-small,1,12,21600,170480,277212kb,14328,1391642496,1391937752,1391937760,1391952088,0,default,47.7600
2488086,lucy,UCB00000178,crc-gpu,1,1,14400,12978,525284kb,13003,1391793135,1391931913,1391940163,1391953166,0,singlejob,43.3433
2492407,metalbeard,S00000232,janus-small,1,12,36000,105609,261268kb,9006,1391885609,1391944329,1391944341,1391953346,0,default,30.0200
2468734,metalbeard,S00000232,janus-small,1,12,43200,159319,295920kb,13403,1391489055,1391941225,1391941260,1391954660,0,default,44.6766
2492366,metalbeard,S00000232,janus-small,1,12,36000,107735,235944kb,9081,1391885568,1391946357,1391946365,1391955447,0,default,30.2700
2492325,metalbeard,S00000232,janus-small,1,12,36000,108657,262652kb,9158,1391885556,1391946319,1391946333,1391955491,0,default,30.5266
2468699,metalbeard,S00000232,janus-small,1,12,43200,340851,313956kb,28566,1391488981,1391927733,1391927756,1391956322,0,default,95.2200
2488114,lucy,UCB00000178,crc-gpu,1,1,14400,12983,489116kb,13010,1391793885,1391944932,1391944950,1391957960,0,singlejob,43.3666
2492408,metalbeard,S00000232,janus-small,1,12,36000,108821,248592kb,9173,1391885609,1391953346,1391953372,1391962545,0,default,30.5766
2492367,metalbeard,S00000232,janus-small,1,12,36000,107526,236008kb,9063,1391885569,1391955447,1391955462,1391964525,0,default,30.2100
2492326,metalbeard,S00000232,janus-small,1,12,36000,106305,269840kb,9135,1391885556,1391955491,1391955495,1391964629,0,default,30.4500
2492829,emmet,AMATH00000002,janus-small,1,12,4200,5394,474372kb,679,1391964444,1391964444,1391964458,1391965137,0,default,2.2633
2492830,emmet,AMATH00000002,janus-small,1,12,600,0,7316kb,75,1391965063,1391965063,1391965068,1391965143,0,default,.2500
2488087,lucy,UCB00000178,crc-gpu,1,1,14400,12962,493536kb,12985,1391793139,1391953166,1391953179,1391966164,0,singlejob,43.2833
2472742,metalbeard,S00000232,janus-small,1,12,21600,173452,270560kb,14574,1391642496,1391952088,1391952118,1391966692,0,default,48.5800
2489103,ande1141,UCB00000263,janus-long,2,12,172800,1382184,20154892kb,96908,1391814401,1391814401,1391870179,1391967087,0,default,646.0533
2468735,metalbeard,S00000232,janus-small,1,12,43200,155174,295268kb,13048,1391489055,1391954660,1391954691,1391967739,0,default,43.4933
2488291,metalbeard,S00000142,crc-serial,1,12,672600,933889,6483676kb,170512,1391797847,1391797847,1391797864,1391968376,0,default,568.3733
2492834,wyldstyle,UCB00000260,janus-short,1,1,1800,0,0kb,1,1391969743,1391969743,1391969765,1391969766,0,default,.0002
2492836,wyldstyle,UCB00000260,janus-short,1,1,1800,0,0kb,1,1391970711,1391970711,1391970730,1391970731,0,default,.0002
2488115,lucy,UCB00000178,crc-gpu,1,1,14400,12957,597740kb,12982,1391793890,1391957960,1391957967,1391970949,0,singlejob,43.2733
2492838,wyldstyle,UCB00000260,janus-short,1,1,1800,126,32616kb,154,1391970797,1391970797,1391970827,1391970981,0,default,.0427
2492839,wyldstyle,UCB00000260,janus-short,1,1,1800,126,51248kb,154,1391970806,1391970806,1391970827,1391970982,0,default,.0427
2492840,wyldstyle,UCB00000260,janus-short,1,1,1800,126,51504kb,154,1391970811,1391970811,1391970827,1391970982,0,default,.0427
2492837,wyldstyle,UCB00000260,janus-short,1,1,1800,126,52704kb,154,1391970793,1391970793,1391970827,1391970982,0,default,.0427
2492409,metalbeard,S00000232,janus-small,1,12,36000,105844,251728kb,8923,1391885609,1391962545,1391962565,1391971489,0,default,29.7433
2492844,wyldstyle,UCB00000260,janus-short,1,12,3600,4897,284832kb,1273,1391970835,1391970835,1391970860,1391972133,0,default,4.2433
2492841,wyldstyle,UCB00000260,janus-short,1,12,3600,4898,284476kb,1319,1391970835,1391970835,1391970860,1391972179,0,default,4.3966
2492845,wyldstyle,UCB00000260,janus-short,1,12,3600,4897,282816kb,1373,1391970842,1391970842,1391970860,1391972233,0,default,4.5766
2492842,wyldstyle,UCB00000260,janus-short,1,12,3600,4898,283988kb,1369,1391970835,1391970835,1391970860,1391972229,0,default,4.5633
2492843,wyldstyle,UCB00000260,janus-short,1,12,3600,4887,288784kb,1394,1391970835,1391970835,1391970860,1391972253,0,default,4.6466
2492846,wyldstyle,UCB00000260,janus-short,1,12,3600,4884,277864kb,1716,1391970842,1391970842,1391970894,1391972609,0,default,5.7200
2492847,wyldstyle,UCB00000260,janus-short,1,12,3600,4899,285916kb,1743,1391970842,1391970842,1391970894,1391972637,0,default,5.8100
2492848,wyldstyle,UCB00000260,janus-short,1,12,3600,4901,282496kb,1876,1391970842,1391970842,1391970894,1391972769,0,default,6.2533
2492849,wyldstyle,UCB00000260,janus-short,1,12,3600,4899,285716kb,1915,1391970848,1391970848,1391970894,1391972808,0,default,6.3833
2492850,wyldstyle,UCB00000260,janus-short,1,12,3600,4897,281884kb,1991,1391970848,1391970848,1391970894,1391972885,0,default,6.6366
2492854,wyldstyle,UCB00000260,janus-short,1,12,3600,4899,285816kb,2112,1391970861,1391970861,1391970928,1391973039,0,default,7.0400
2492855,wyldstyle,UCB00000260,janus-short,1,12,3600,4898,285224kb,2148,1391970861,1391970861,1391970928,1391973076,0,default,7.1600
2492852,wyldstyle,UCB00000260,janus-short,1,12,3600,4886,285588kb,2205,1391970848,1391970848,1391970928,1391973132,0,default,7.3500
2492946,vitruvius,UCB00000261,janus-small,10,12,86400,39,10708kb,196,1391972946,1391972946,1391972951,1391973148,0,default,6.5333
2492952,vitruvius,UCB00000261,janus-small,10,12,86400,41,18220kb,201,1391972947,1391972947,1391972951,1391973154,0,default,6.7000
2492936,vitruvius,UCB00000261,janus-small,10,12,86400,42,10704kb,203,1391972945,1391972945,1391972951,1391973154,0,default,6.7666
2492950,vitruvius,UCB00000261,janus-small,10,12,86400,42,10700kb,201,1391972946,1391972946,1391972951,1391973154,0,default,6.7000
2492948,vitruvius,UCB00000261,janus-small,10,12,86400,41,10704kb,203,1391972946,1391972946,1391972951,1391973156,0,default,6.7666
2492942,vitruvius,UCB00000261,janus-small,10,12,86400,43,10700kb,209,1391972946,1391972946,1391972951,1391973162,0,default,6.9666
2492956,vitruvius,UCB00000261,janus-small,10,12,86400,61,15156kb,177,1391972947,1391972947,1391972985,1391973164,0,default,5.9000
2492932,vitruvius,UCB00000261,janus-small,10,12,86400,41,420404kb,210,1391972944,1391972944,1391972950,1391973162,0,default,7.0000
2492944,vitruvius,UCB00000261,janus-small,10,12,86400,55,10708kb,209,1391972946,1391972946,1391972951,1391973162,0,default,6.9666
2492938,vitruvius,UCB00000261,janus-small,10,12,86400,40,10704kb,209,1391972945,1391972945,1391972951,1391973162,0,default,6.9666
2492940,vitruvius,UCB00000261,janus-small,10,12,86400,42,10704kb,209,1391972945,1391972945,1391972951,1391973162,0,default,6.9666
2492934,vitruvius,UCB00000261,janus-small,10,12,86400,42,27268kb,211,1391972945,1391972945,1391972951,1391973162,0,default,7.0333
2492960,vitruvius,UCB00000261,janus-small,10,12,86400,41,10700kb,182,1391972947,1391972947,1391972985,1391973168,0,default,6.0666
2492930,vitruvius,UCB00000261,janus-small,10,12,86400,41,294724kb,210,1391972944,1391972944,1391972950,1391973161,0,default,7.0000
2492954,vitruvius,UCB00000261,janus-small,10,12,86400,54,13856kb,183,1391972947,1391972947,1391972985,1391973168,0,default,6.1000
2492968,vitruvius,UCB00000261,janus-small,10,12,86400,40,10700kb,189,1391972948,1391972948,1391972986,1391973176,0,default,6.3000
2492962,vitruvius,UCB00000261,janus-small,10,12,86400,48,10704kb,192,1391972947,1391972947,1391972986,1391973179,0,default,6.4000
2492976,vitruvius,UCB00000261,janus-small,10,12,86400,40,267672kb,189,1391972949,1391972949,1391972986,1391973176,0,default,6.3000
2492966,vitruvius,UCB00000261,janus-small,10,12,86400,44,11260kb,189,1391972948,1391972948,1391972986,1391973176,0,default,6.3000
2492851,wyldstyle,UCB00000260,janus-short,1,12,3600,4901,283248kb,2253,1391970848,1391970848,1391970928,1391973180,0,default,7.5100
2492970,vitruvius,UCB00000261,janus-small,10,12,86400,40,158164kb,196,1391972948,1391972948,1391972986,1391973183,0,default,6.5333
2492974,vitruvius,UCB00000261,janus-small,10,12,86400,40,10704kb,196,1391972948,1391972948,1391972986,1391973183,0,default,6.5333
2492964,vitruvius,UCB00000261,janus-small,10,12,86400,44,10704kb,198,1391972948,1391972948,1391972986,1391973186,0,default,6.6000
2492853,wyldstyle,UCB00000260,janus-short,1,12,3600,4902,285912kb,2276,1391970861,1391970861,1391970928,1391973203,0,default,7.5866
2492857,wyldstyle,UCB00000260,janus-short,1,12,3600,4905,287924kb,2397,1391970867,1391970867,1391970962,1391973359,0,default,7.9900
2492860,wyldstyle,UCB00000260,janus-short,1,12,3600,4890,280520kb,2408,1391970868,1391970868,1391970962,1391973369,0,default,8.0266
2492961,vitruvius,UCB00000261,janus-small,10,12,86400,43,10700kb,194,1391972947,1391973168,1391973180,1391973376,0,default,6.4666
2492858,wyldstyle,UCB00000260,janus-short,1,12,3600,4904,281908kb,2409,1391970868,1391970868,1391970962,1391973370,0,default,8.0300
2492937,vitruvius,UCB00000261,janus-small,10,12,86400,43,11144kb,199,1391972945,1391973154,1391973179,1391973378,0,default,6.6333
2492955,vitruvius,UCB00000261,janus-small,10,12,86400,42,20896kb,202,1391972947,1391973168,1391973180,1391973385,0,default,6.7333
2492957,vitruvius,UCB00000261,janus-small,10,12,86400,43,10700kb,203,1391972947,1391973163,1391973180,1391973385,0,default,6.7666
2492945,vitruvius,UCB00000261,janus-small,10,12,86400,44,10704kb,205,1391972946,1391973161,1391973180,1391973386,0,default,6.8333
2492943,vitruvius,UCB00000261,janus-small,10,12,86400,43,10700kb,203,1391972946,1391973161,1391973180,1391973384,0,default,6.7666
2492939,vitruvius,UCB00000261,janus-small,10,12,86400,51,10704kb,204,1391972945,1391973161,1391973180,1391973384,0,default,6.8000
2492949,vitruvius,UCB00000261,janus-small,10,12,86400,43,165020kb,202,1391972946,1391973155,1391973180,1391973384,0,default,6.7333
2492977,vitruvius,UCB00000261,janus-small,10,12,86400,41,14840kb,205,1391972949,1391973176,1391973180,1391973388,0,default,6.8333
2492947,vitruvius,UCB00000261,janus-small,10,12,86400,41,10704kb,203,1391972946,1391973148,1391973180,1391973385,0,default,6.7666
2492951,vitruvius,UCB00000261,janus-small,10,12,86400,41,10704kb,204,1391972946,1391973154,1391973180,1391973386,0,default,6.8000
2492967,vitruvius,UCB00000261,janus-small,10,12,86400,50,10700kb,202,1391972948,1391973176,1391973180,1391973384,0,default,6.7333
2492969,vitruvius,UCB00000261,janus-small,10,12,86400,40,10864kb,204,1391972948,1391973176,1391973180,1391973387,0,default,6.8000
2492933,vitruvius,UCB00000261,janus-small,10,12,86400,40,149532kb,207,1391972945,1391973161,1391973179,1391973387,0,default,6.9000
2492941,vitruvius,UCB00000261,janus-small,10,12,86400,47,10700kb,207,1391972946,1391973161,1391973180,1391973388,0,default,6.9000
2492953,vitruvius,UCB00000261,janus-small,10,12,86400,41,10704kb,204,1391972947,1391973154,1391973180,1391973386,0,default,6.8000
2492935,vitruvius,UCB00000261,janus-small,10,12,86400,43,154880kb,206,1391972945,1391973162,1391973179,1391973387,0,default,6.8666
2492963,vitruvius,UCB00000261,janus-small,10,12,86400,41,10708kb,178,1391972947,1391973179,1391973214,1391973392,0,default,5.9333
2492856,wyldstyle,UCB00000260,janus-short,1,12,3600,4883,285264kb,2432,1391970861,1391970861,1391970962,1391973393,0,default,8.1066
2492965,vitruvius,UCB00000261,janus-small,10,12,86400,42,10704kb,188,1391972948,1391973186,1391973219,1391973407,0,default,6.2666
2492862,wyldstyle,UCB00000260,janus-short,1,12,3600,4899,285772kb,2424,1391970874,1391970874,1391970995,1391973418,0,default,8.0800
2492859,wyldstyle,UCB00000260,janus-short,1,12,3600,4895,279876kb,2482,1391970868,1391970868,1391970962,1391973443,0,default,8.2733
2492368,metalbeard,S00000232,janus-small,1,12,36000,105715,246456kb,8934,1391885569,1391964525,1391964560,1391973494,0,default,29.7800
2492867,wyldstyle,UCB00000260,janus-short,1,12,3600,4902,285460kb,2600,1391970881,1391970881,1391971026,1391973625,0,default,8.6666
2492870,wyldstyle,UCB00000260,janus-short,1,12,3600,4885,283976kb,2632,1391970888,1391970888,1391971026,1391973659,0,default,8.7733
2492975,vitruvius,UCB00000261,janus-small,10,12,86400,41,10700kb,184,1391972948,1391973183,1391973479,1391973663,0,default,6.1333
2492866,wyldstyle,UCB00000260,janus-short,1,12,3600,4881,283528kb,2678,1391970881,1391970881,1391971026,1391973704,0,default,8.9266
2492861,wyldstyle,UCB00000260,janus-short,1,12,3600,4898,283972kb,2713,1391970874,1391970874,1391970995,1391973707,0,default,9.0433
2492873,wyldstyle,UCB00000260,janus-short,1,12,3600,4901,285388kb,2642,1391970894,1391970894,1391971061,1391973702,0,default,8.8066
2492863,wyldstyle,UCB00000260,janus-short,1,12,3600,4897,287968kb,2719,1391970874,1391970874,1391970995,1391973713,0,default,9.0633
2492971,vitruvius,UCB00000261,janus-small,10,12,86400,51,15188kb,254,1391972948,1391973183,1391973461,1391973715,0,default,8.4666
2492865,wyldstyle,UCB00000260,janus-short,1,12,3600,4897,281984kb,2733,1391970881,1391970881,1391970995,1391973727,0,default,9.1100
2492864,wyldstyle,UCB00000260,janus-short,1,12,3600,4883,285516kb,2731,1391970874,1391970874,1391970995,1391973725,0,default,9.1033
2492878,wyldstyle,UCB00000260,janus-short,1,12,3600,4884,283800kb,2646,1391970901,1391970901,1391971090,1391973736,0,default,8.8200
2492876,wyldstyle,UCB00000260,janus-short,1,12,3600,4902,285928kb,2657,1391970894,1391970894,1391971090,1391973747,0,default,8.8566
2492877,wyldstyle,UCB00000260,janus-short,1,12,3600,4896,285428kb,2666,1391970901,1391970901,1391971090,1391973756,0,default,8.8866
2492888,wyldstyle,UCB00000260,janus-short,1,12,3600,4902,279880kb,2615,1391970914,1391970914,1391971156,1391973771,0,default,8.7166
2492868,wyldstyle,UCB00000260,janus-short,1,12,3600,4896,280644kb,2754,1391970881,1391970881,1391971026,1391973780,0,default,9.1800
2492884,wyldstyle,UCB00000260,janus-short,1,12,3600,4898,287000kb,2674,1391970908,1391970908,1391971122,1391973796,0,default,8.9133
2492871,wyldstyle,UCB00000260,janus-short,1,12,3600,4897,287172kb,2764,1391970888,1391970888,1391971058,1391973822,0,default,9.2133
2492885,wyldstyle,UCB00000260,janus-short,1,12,3600,4906,284916kb,2697,1391970914,1391970914,1391971122,1391973820,0,default,8.9900
2492881,wyldstyle,UCB00000260,janus-short,1,12,3600,4901,283068kb,2710,1391970908,1391970908,1391971122,1391973832,0,default,9.0333
2492880,wyldstyle,UCB00000260,janus-short,1,12,3600,4898,283892kb,2744,1391970901,1391970901,1391971090,1391973834,0,default,9.1466
2492879,wyldstyle,UCB00000260,janus-short,1,12,3600,4901,284668kb,2747,1391970901,1391970901,1391971090,1391973837,0,default,9.1566
2492874,wyldstyle,UCB00000260,janus-short,1,12,3600,4885,280708kb,2789,1391970894,1391970894,1391971060,1391973849,0,default,9.2966
2492883,wyldstyle,UCB00000260,janus-short,1,12,3600,4899,285100kb,2738,1391970908,1391970908,1391971122,1391973861,0,default,9.1266
2492886,wyldstyle,UCB00000260,janus-short,1,12,3600,4883,283440kb,2710,1391970914,1391970914,1391971155,1391973865,0,default,9.0333
2492875,wyldstyle,UCB00000260,janus-short,1,12,3600,4896,288900kb,2815,1391970894,1391970894,1391971060,1391973875,0,default,9.3833
2492887,wyldstyle,UCB00000260,janus-short,1,12,3600,4904,285012kb,2728,1391970914,1391970914,1391971159,1391973884,0,default,9.0933
2492869,wyldstyle,UCB00000260,janus-short,1,12,3600,4898,285988kb,2863,1391970887,1391970887,1391971026,1391973890,0,default,9.5433
2492889,wyldstyle,UCB00000260,janus-short,1,12,3600,4899,277836kb,2738,1391970921,1391970921,1391971156,1391973894,0,default,9.1266
2492882,wyldstyle,UCB00000260,janus-short,1,12,3600,4885,285104kb,2783,1391970908,1391970908,1391971122,1391973905,0,default,9.2766
2492892,wyldstyle,UCB00000260,janus-short,1,12,3600,4898,285880kb,2732,1391970921,1391970921,1391971187,1391973919,0,default,9.1066
2492891,wyldstyle,UCB00000260,janus-short,1,12,3600,4903,284028kb,2733,1391970921,1391970921,1391971187,1391973921,0,default,9.1100
2492895,wyldstyle,UCB00000260,janus-short,1,12,3600,4897,279892kb,2733,1391970928,1391970928,1391971187,1391973920,0,default,9.1100
2492872,wyldstyle,UCB00000260,janus-short,1,12,3600,4898,284604kb,2875,1391970888,1391970888,1391971059,1391973934,0,default,9.5833
2492893,wyldstyle,UCB00000260,janus-short,1,12,3600,4900,283348kb,2746,1391970928,1391970928,1391971187,1391973933,0,default,9.1533
2492904,wyldstyle,UCB00000260,janus-short,1,12,3600,4900,284904kb,2744,1391970941,1391970941,1391971251,1391973994,0,default,9.1466
2492894,wyldstyle,UCB00000260,janus-short,1,12,3600,4882,284564kb,2799,1391970928,1391970928,1391971187,1391973986,0,default,9.3300
2492931,vitruvius,UCB00000261,janus-small,10,12,86400,42,10700kb,186,1391972944,1391973161,1391973800,1391973986,0,default,6.2000
2492913,wyldstyle,UCB00000260,janus-short,1,12,3600,4899,285808kb,2691,1391970968,1391970968,1391971315,1391974006,0,default,8.9700
2492908,wyldstyle,UCB00000260,janus-short,1,12,3600,4904,286112kb,2718,1391970948,1391970948,1391971283,1391974001,0,default,9.0600
2492890,wyldstyle,UCB00000260,janus-short,1,12,3600,4883,285896kb,2855,1391970921,1391970921,1391971156,1391974010,0,default,9.5166
2492896,wyldstyle,UCB00000260,janus-short,1,12,3600,4898,285412kb,2788,1391970928,1391970928,1391971219,1391974007,0,default,9.2933
2492897,wyldstyle,UCB00000260,janus-short,1,12,3600,4882,285444kb,2795,1391970934,1391970934,1391971219,1391974014,0,default,9.3166
2492907,wyldstyle,UCB00000260,janus-short,1,12,3600,4899,284832kb,2724,1391970948,1391970948,1391971283,1391974007,0,default,9.0800
2492911,wyldstyle,UCB00000260,janus-short,1,12,3600,4899,279916kb,2695,1391970961,1391970961,1391971315,1391974009,0,default,8.9833
2492919,wyldstyle,UCB00000260,janus-short,1,12,3600,4894,284952kb,2665,1391970974,1391970974,1391971347,1391974012,0,default,8.8833
2492903,wyldstyle,UCB00000260,janus-short,1,12,3600,4902,287944kb,2763,1391970941,1391970941,1391971251,1391974014,0,default,9.2100
2492917,wyldstyle,UCB00000260,janus-short,1,12,3600,4902,285372kb,2669,1391970974,1391970974,1391971347,1391974016,0,default,8.8966
2492909,wyldstyle,UCB00000260,janus-short,1,12,3600,4883,286108kb,2736,1391970961,1391970961,1391971283,1391974019,0,default,9.1200
2492901,wyldstyle,UCB00000260,janus-short,1,12,3600,4899,285444kb,2774,1391970941,1391970941,1391971251,1391974026,0,default,9.2466
2492918,wyldstyle,UCB00000260,janus-short,1,12,3600,4883,284844kb,2671,1391970974,1391970974,1391971347,1391974018,0,default,8.9033
2492920,wyldstyle,UCB00000260,janus-short,1,12,3600,4902,290756kb,2646,1391970974,1391970974,1391971379,1391974025,0,default,8.8200
2492910,wyldstyle,UCB00000260,janus-short,1,12,3600,4898,285900kb,2742,1391970961,1391970961,1391971283,1391974025,0,default,9.1400
2492899,wyldstyle,UCB00000260,janus-short,1,12,3600,4896,285428kb,2806,1391970935,1391970935,1391971219,1391974025,0,default,9.3533
2492915,wyldstyle,UCB00000260,janus-short,1,12,3600,4903,285188kb,2679,1391970968,1391970968,1391971347,1391974026,0,default,8.9300
2492898,wyldstyle,UCB00000260,janus-short,1,12,3600,4897,285920kb,2808,1391970934,1391970934,1391971219,1391974028,0,default,9.3600
2492916,wyldstyle,UCB00000260,janus-short,1,12,3600,4899,283056kb,2672,1391970968,1391970968,1391971347,1391974019,0,default,8.9066
2492922,wyldstyle,UCB00000260,janus-short,1,12,3600,4899,284072kb,2646,1391970981,1391970981,1391971379,1391974025,0,default,8.8200
2492902,wyldstyle,UCB00000260,janus-short,1,12,3600,4886,285564kb,2780,1391970941,1391970941,1391971251,1391974031,0,default,9.2666
2492924,wyldstyle,UCB00000260,janus-short,1,12,3600,4884,286036kb,2654,1391970981,1391970981,1391971379,1391974033,0,default,8.8466
2492900,wyldstyle,UCB00000260,janus-short,1,12,3600,4902,285916kb,2815,1391970935,1391970935,1391971219,1391974034,0,default,9.3833
2492921,wyldstyle,UCB00000260,janus-short,1,12,3600,4904,287740kb,2653,1391970981,1391970981,1391971379,1391974031,0,default,8.8433
2492906,wyldstyle,UCB00000260,janus-short,1,12,3600,4885,283468kb,2755,1391970948,1391970948,1391971283,1391974039,0,default,9.1833
2492905,wyldstyle,UCB00000260,janus-short,1,12,3600,4904,284956kb,2337,1391970948,1391970948,1391971700,1391974038,0,default,7.7900
2492912,wyldstyle,UCB00000260,janus-short,1,12,3600,4898,283768kb,2724,1391970961,1391970961,1391971315,1391974039,0,default,9.0800
2492914,wyldstyle,UCB00000260,janus-short,1,12,3600,4890,283068kb,2716,1391970968,1391970968,1391971315,1391974031,0,default,9.0533
2492923,wyldstyle,UCB00000260,janus-short,1,12,3600,4897,285184kb,2662,1391970981,1391970981,1391971379,1391974041,0,default,8.8733
2492972,vitruvius,UCB00000261,janus-small,10,12,86400,42,10708kb,153,1391972948,1391972948,1391974025,1391974180,0,default,5.1000
2492978,wyldstyle,UCB00000260,janus-short,1,1,1800,0,0kb,4,1391974266,1391974266,1391974299,1391974302,0,default,.0011
2492973,vitruvius,UCB00000261,janus-small,10,12,86400,42,10864kb,153,1391972948,1391974179,1391974716,1391974870,0,default,5.1000
2492327,metalbeard,S00000232,janus-small,1,12,36000,136273,260964kb,11469,1391885556,1391964629,1391964650,1391976120,0,default,38.2300
2492550,gandalf,S00000259,janus-small,1,12,86400,997894,344364kb,86474,1391890110,1391890110,1391890118,1391976591,-11,default,288.2466
2492549,gandalf,S00000259,janus-small,1,12,86400,999961,346660kb,86488,1391890110,1391890110,1391890118,1391976605,-11,default,288.2933
2492551,gandalf,S00000259,janus-small,1,12,86400,1010750,346256kb,86485,1391890111,1391890111,1391890118,1391976603,-11,default,288.2833
2492547,gandalf,S00000259,janus-small,1,12,86400,979123,346568kb,86497,1391890110,1391890110,1391890118,1391976614,-11,default,288.3233
2492548,gandalf,S00000259,janus-small,1,12,86400,1012344,346416kb,86503,1391890110,1391890110,1391890118,1391976620,-11,default,288.3433
2492544,gandalf,S00000259,janus-small,1,12,86400,1005004,341516kb,86507,1391890110,1391890110,1391890117,1391976624,-11,default,288.3566
2492543,gandalf,S00000259,janus-small,1,12,86400,944697,351628kb,86506,1391890110,1391890110,1391890117,1391976623,-11,default,288.3533
2492545,gandalf,S00000259,janus-small,1,12,86400,1011331,348472kb,86503,1391890110,1391890110,1391890117,1391976620,-11,default,288.3433
2492546,gandalf,S00000259,janus-small,1,12,86400,968209,345812kb,86518,1391890110,1391890110,1391890117,1391976635,-11,default,288.3933
2492984,emmet,AMATH00000002,janus-small,1,12,4740,2,4708kb,77,1391976890,1391976890,1391976895,1391976972,0,default,.2566
2492985,emmet,AMATH00000002,janus-small,1,12,600,0,7348kb,78,1391976898,1391976898,1391976927,1391977006,0,default,.2600
2492986,badcop,S00000272,janus-short,1,12,7200,20,537128kb,20,1391977027,1391977027,1391977059,1391977078,0,default,.0666
2492988,wyldstyle,UCB00000260,janus-short,1,12,3600,0,0kb,0,1391977273,1391977273,1391977280,1391977280,0,default,0
2492990,badcop,S00000272,janus-short,1,12,7200,83,3513956kb,43,1391977438,1391977438,1391977440,1391977483,0,default,.1433
2492989,emmet,AMATH00000002,janus-small,1,12,4740,671,237992kb,161,1391977407,1391977407,1391977440,1391977602,0,default,.5366
2492991,emmet,AMATH00000002,janus-small,1,12,600,0,7500kb,75,1391977527,1391977527,1391977537,1391977612,0,default,.2500
2492992,wyldstyle,UCB00000260,janus-short,1,12,3600,270,4428kb,734,1391977532,1391977532,1391977537,1391978271,0,default,2.4466
2492996,wyldstyle,UCB00000260,janus-short,1,1,1800,0,0kb,1,1391978463,1391978463,1391978477,1391978478,0,default,.0002
2492995,badcop,S00000272,janus-short,1,1,300,0,3616kb,9,1391978443,1391978443,1391978477,1391978486,0,default,.0025
2492997,badcop,S00000272,janus-short,1,12,7200,122,0kb,25,1391978765,1391978765,1391978798,1391978823,0,default,.0833
2488088,lucy,UCB00000178,crc-gpu,1,1,14400,12969,471200kb,12994,1391793140,1391966164,1391966197,1391979191,0,singlejob,43.3133
2493000,badcop,S00000272,janus-short,1,12,7200,122,2694364kb,30,1391979191,1391979191,1391979215,1391979245,0,default,.1000
2493001,badcop,S00000272,janus-short,1,12,7200,4,0kb,9,1391979553,1391979553,1391979568,1391979577,0,default,.0300
2493002,badcop,S00000272,janus-short,1,12,7200,120,2845512kb,33,1391979647,1391979647,1391979666,1391979699,0,default,.1100
2493003,emmet,AMATH00000002,janus-small,1,12,1200,336,399672kb,120,1391979995,1391979995,1391980020,1391980139,0,default,.4000
2493004,emmet,AMATH00000002,janus-small,1,12,600,0,9464kb,77,1391980066,1391980066,1391980084,1391980161,0,default,.2566
2493007,emmet,AMATH00000002,janus-small,1,12,600,0,7620kb,75,1391980235,1391980235,1391980245,1391980319,0,default,.2500
2493006,emmet,AMATH00000002,janus-small,1,12,1200,922,236900kb,195,1391980108,1391980108,1391980117,1391980311,0,default,.6500
2492410,metalbeard,S00000232,janus-small,1,12,36000,105291,257904kb,8877,1391885610,1391971489,1391971508,1391980386,0,default,29.5900
2493008,emmet,AMATH00000002,janus-small,1,12,1200,937,234056kb,194,1391980521,1391980521,1391980533,1391980727,0,default,.6466
2493009,emmet,AMATH00000002,janus-small,1,12,600,0,9400kb,76,1391980653,1391980653,1391980661,1391980737,0,default,.2533
2492539,gandalf,UCB00000233,janus-long,1,1,180000,86600,16216kb,92183,1391888576,1391888576,1391888605,1391980788,0,default,25.6063
2493005,badcop,S00000272,janus-short,1,12,7200,11160,5302124kb,1011,1391980095,1391980095,1391980116,1391981127,0,default,3.3700
2472743,metalbeard,S00000232,janus-small,1,12,21600,172807,272652kb,14522,1391642496,1391966692,1391966711,1391981233,0,default,48.4066
2465760,gandalf,UCB00000233,janus-long,1,6,540000,111493,2184000kb,111739,1391112774,1391112774,1391870129,1391981867,0,default,186.2316
2493012,emmet,AMATH00000002,janus-small,1,12,1200,919,236144kb,193,1391981596,1391981596,1391981691,1391981884,0,default,.6433
2493013,emmet,AMATH00000002,janus-small,1,12,600,0,7920kb,75,1391981809,1391981809,1391981820,1391981895,0,default,.2500
2493014,emmet,AMATH00000002,janus-small,1,12,1200,918,237000kb,192,1391982116,1391982116,1391982142,1391982334,0,default,.6400
2493015,emmet,AMATH00000002,janus-small,1,12,600,0,9436kb,75,1391982259,1391982259,1391982271,1391982346,0,default,.2500
2493016,badcop,S00000272,janus-short,1,12,7200,122,330184kb,38,1391982401,1391982401,1391982431,1391982469,0,default,.1266
2492369,metalbeard,S00000232,janus-small,1,12,36000,106700,247672kb,9029,1391885569,1391973494,1391973512,1391982540,0,default,30.0966
2493018,emmet,AMATH00000002,janus-small,1,12,1200,898,237864kb,190,1391982643,1391982643,1391982657,1391982846,0,default,.6333
2493019,emmet,AMATH00000002,janus-small,1,12,600,0,7992kb,79,1391982772,1391982772,1391982784,1391982863,0,default,.2633
2493021,badcop,S00000272,janus-long,1,12,18000,124,0kb,30,1391983493,1391983493,1391983523,1391983552,0,default,.1000
2493022,badcop,S00000272,janus-long,1,12,18000,120,196448kb,27,1391983537,1391983537,1391983559,1391983586,0,default,.0900
2488116,lucy,UCB00000178,crc-gpu,1,1,14400,12948,579700kb,12974,1391793891,1391970949,1391970962,1391983935,0,singlejob,43.2466
2493017,badcop,S00000272,janus-short,1,12,7200,16340,13799816kb,1383,1391982531,1391982531,1391982560,1391983943,271,default,4.6100
2493020,badcop,S00000272,janus-long,1,12,18000,11437,13525684kb,974,1391982947,1391982947,1391982977,1391983950,271,default,3.2466
2488948,benny,UCB00000261,crc-serial,1,24,345600,3453055,90gb,173380,1391810652,1391810652,1391810673,1391984052,0,default,1155.8666
2493029,emmet,AMATH00000002,janus-small,1,12,1200,935,244404kb,195,1391984431,1391984431,1391984458,1391984653,0,default,.6500
2493030,emmet,AMATH00000002,janus-small,1,12,600,0,9460kb,75,1391984578,1391984578,1391984582,1391984658,0,default,.2500
2493025,badcop,S00000272,janus-long,1,12,18000,4654,6233836kb,448,1391984306,1391984306,1391984325,1391984773,0,default,1.4933
2493027,badcop,S00000272,janus-long,1,12,18000,4609,6207100kb,446,1391984369,1391984369,1391984389,1391984835,0,default,1.4866
2468700,metalbeard,S00000232,janus-small,1,12,43200,346382,312648kb,29028,1391488981,1391956322,1391956330,1391985358,0,default,96.7600
2493024,badcop,S00000272,janus-long,1,12,18000,12051,6308272kb,1125,1391984277,1391984277,1391984293,1391985418,0,default,3.7500
2493026,badcop,S00000272,janus-long,1,12,18000,11908,6289628kb,1123,1391984336,1391984336,1391984358,1391985481,0,default,3.7433
2493028,badcop,S00000272,janus-long,1,12,18000,11923,6271264kb,1106,1391984399,1391984399,1391984421,1391985527,0,default,3.6866
2488950,benny,UCB00000261,crc-serial,1,24,345600,3502220,90gb,175202,1391810716,1391810716,1391810732,1391985933,0,default,1168.0133
2493036,emmet,AMATH00000002,janus-small,1,12,1200,930,240156kb,194,1391986079,1391986079,1391986094,1391986288,0,default,.6466
2493037,emmet,AMATH00000002,janus-small,1,12,600,0,8140kb,78,1391986214,1391986214,1391986223,1391986300,0,default,.2600
2493035,hansolo,UCB00000164,janus-debug,1,12,600,4119,1393176kb,372,1391985917,1391985917,1391985933,1391986306,0,default,1.2400
2493023,badcop,S00000272,janus-long,1,12,18000,22875,13709544kb,2132,1391984235,1391984235,1391984261,1391986393,0,default,7.1066
2493033,badcop,S00000272,janus-long,1,12,18000,20,0kb,678,1391985820,1391985820,1391985837,1391986515,0,default,2.2600
2493034,badcop,S00000272,janus-long,1,12,18000,7129,6089408kb,677,1391985849,1391985849,1391985869,1391986547,0,default,2.2566
2493038,badcop,S00000272,janus-long,1,12,18000,4597,6165076kb,447,1391986282,1391986282,1391986286,1391986733,0,default,1.4900
2493039,badcop,S00000272,janus-long,1,12,18000,4524,6039868kb,446,1391986298,1391986298,1391986318,1391986764,0,default,1.4866
2493040,badcop,S00000272,janus-long,1,12,18000,4617,6143624kb,448,1391986489,1391986489,1391986511,1391986959,0,default,1.4933
2493043,badcop,S00000272,janus-short,1,12,14400,4667,6417948kb,452,1391986572,1391986572,1391986575,1391987026,0,default,1.5066
2493042,badcop,S00000272,janus-short,1,12,14400,20,0kb,457,1391986557,1391986557,1391986575,1391987032,0,default,1.5233
2493044,badcop,S00000272,janus-short,1,12,14400,4611,6167908kb,447,1391986616,1391986616,1391986639,1391987087,0,default,1.4900
2493045,badcop,S00000272,janus-short,1,12,14400,4637,6125528kb,447,1391986653,1391986653,1391986671,1391987118,0,default,1.4900
2493046,badcop,S00000272,janus-short,1,12,14400,4587,6201504kb,446,1391986757,1391986757,1391986768,1391987215,0,default,1.4866
2488947,benny,UCB00000261,crc-serial,1,24,345600,3527713,90gb,176602,1391810618,1391810618,1391810641,1391987242,0,default,1177.3466
2493048,badcop,S00000272,janus-short,1,12,14400,4636,6356492kb,447,1391986847,1391986847,1391986866,1391987314,0,default,1.4900
2493052,badcop,S00000272,janus-short,1,12,14400,156,243704kb,39,1391987898,1391987898,1391987925,1391987964,0,default,.1300
2493053,badcop,S00000272,janus-short,1,12,14400,158,4077972kb,31,1391987930,1391987930,1391987957,1391987988,0,default,.1033
2493054,badcop,S00000272,janus-short,1,12,14400,158,326268kb,31,1391987970,1391987970,1391987989,1391988020,0,default,.1033
2493049,unikitty,UCB00000267,janus-normal,40,12,86400,9336,186720kb,938,1391987249,1391987249,1391987251,1391988190,271,default,125.0666
2493050,unikitty,UCB00000267,janus-small,20,12,86400,7522,121816kb,784,1391987405,1391987405,1391987412,1391988197,271,default,52.2666
2492411,metalbeard,S00000232,janus-small,1,12,36000,106555,254136kb,8984,1391885610,1391980386,1391980405,1391989389,0,default,29.9466
2488952,benny,UCB00000261,crc-serial,1,24,345600,3426905,90gb,173042,1391810754,1391818267,1391818292,1391991332,0,default,1153.6133
2492370,metalbeard,S00000232,janus-small,1,12,36000,105786,242984kb,8918,1391885569,1391982540,1391982560,1391991478,0,default,29.7266
2488949,benny,UCB00000261,crc-serial,1,24,345600,3458138,90gb,173969,1391810690,1391818182,1391818188,1391992156,0,default,1159.7933
2492328,metalbeard,S00000232,janus-small,1,12,36000,190834,258456kb,16027,1391885556,1391976119,1391976130,1391992159,0,default,53.4233
2492925,gandalf,UCB00000178,crc-gpu,1,12,14340,13694,295372kb,13720,1391971371,1391971371,1391979216,1391992935,0,singlejob,45.7333
2492329,metalbeard,S00000232,janus-small,1,12,36000,5593,248956kb,543,1391885556,1391992157,1391992427,1391992971,1,default,1.8100
2492927,gandalf,UCB00000178,janus-small,1,12,21600,76246,227528kb,21563,1391971431,1391971431,1391971444,1391993007,0,singlejob,71.8766
2493059,batman,ME00002014,janus-short,100,12,14400,45761,1531068kb,3976,1391989084,1391989084,1391989117,1391993096,271,default,1325.3333
2488954,benny,UCB00000261,crc-serial,1,24,345600,3482192,90gb,174663,1391810760,1391818793,1391818935,1391993597,0,default,1164.4200
2493126,hansolo,UCB00000164,janus-debug,1,12,120,78,1372712kb,9,1391994192,1391994192,1391994195,1391994205,0,default,.0300
2493128,hansolo,UCB00000164,janus-debug,1,12,120,85,984628kb,10,1391994410,1391994410,1391994419,1391994429,0,default,.0333
2472744,metalbeard,S00000232,janus-small,1,12,21600,172923,269156kb,14530,1391642496,1391981233,1391981239,1391995769,0,default,48.4333
2493068,unikitty,UCB00000267,janus-small,1,12,10800,32270,20012kb,5230,1391990771,1391990771,1391990788,1391996018,0,default,17.4333
2493072,unikitty,UCB00000267,janus-small,1,12,10800,32154,22048kb,5226,1391990786,1391990786,1391990820,1391996046,0,default,17.4200
2493066,unikitty,UCB00000267,janus-small,1,12,10800,32473,20012kb,5268,1391990768,1391990768,1391990788,1391996056,0,default,17.5600
2493069,unikitty,UCB00000267,janus-small,1,12,10800,32545,26140kb,5283,1391990772,1391990772,1391990788,1391996071,0,default,17.6100
2493064,unikitty,UCB00000267,janus-small,1,12,10800,32509,24100kb,5287,1391990763,1391990763,1391990788,1391996075,0,default,17.6233
2493065,unikitty,UCB00000267,janus-small,1,12,10800,32652,22060kb,5289,1391990766,1391990766,1391990788,1391996077,0,default,17.6300
2493067,unikitty,UCB00000267,janus-small,1,12,10800,32597,24104kb,5295,1391990769,1391990769,1391990788,1391996083,0,default,17.6500
2493071,unikitty,UCB00000267,janus-small,1,12,10800,32540,22064kb,5292,1391990781,1391990781,1391990788,1391996079,0,default,17.6400
2493070,unikitty,UCB00000267,janus-small,1,12,10800,32540,22060kb,5305,1391990775,1391990775,1391990788,1391996093,0,default,17.6833
2493075,unikitty,UCB00000267,janus-small,1,12,10800,31592,22060kb,5132,1391990962,1391990962,1391990982,1391996114,0,default,17.1066
2493078,unikitty,UCB00000267,janus-small,1,12,10800,31651,24100kb,5135,1391990967,1391990967,1391990982,1391996117,0,default,17.1166
2493077,unikitty,UCB00000267,janus-small,1,12,10800,31945,17952kb,5188,1391990966,1391990966,1391990982,1391996171,0,default,17.2933
2493081,unikitty,UCB00000267,janus-small,1,12,10800,32043,24076kb,5194,1391990971,1391990971,1391990982,1391996176,0,default,17.3133
2493073,unikitty,UCB00000267,janus-small,1,12,10800,32139,22048kb,5239,1391990958,1391990958,1391990982,1391996221,0,default,17.4633
2493076,unikitty,UCB00000267,janus-small,1,12,10800,32245,24092kb,5243,1391990964,1391990964,1391990982,1391996225,0,default,17.4766
2493074,unikitty,UCB00000267,janus-small,1,12,10800,32288,24096kb,5241,1391990961,1391990961,1391990982,1391996223,0,default,17.4700
2493079,unikitty,UCB00000267,janus-small,1,12,10800,32515,24104kb,5280,1391990968,1391990968,1391990982,1391996262,0,default,17.6000
2493080,unikitty,UCB00000267,janus-small,1,12,10800,32521,21644kb,5281,1391990970,1391990970,1391990982,1391996263,0,default,17.6033
2493099,unikitty,UCB00000267,janus-small,1,12,86400,32052,24092kb,5213,1391991395,1391991395,1391991401,1391996614,0,default,17.3766
2493095,unikitty,UCB00000267,janus-small,1,12,86400,32245,24080kb,5241,1391991389,1391991389,1391991401,1391996642,0,default,17.4700
2493091,unikitty,UCB00000267,janus-small,1,12,86400,32479,24100kb,5270,1391991381,1391991381,1391991401,1391996671,0,default,17.5666
2493093,unikitty,UCB00000267,janus-small,1,12,86400,32460,17988kb,5266,1391991386,1391991386,1391991401,1391996667,0,default,17.5533
2493098,unikitty,UCB00000267,janus-small,1,12,86400,32520,22068kb,5279,1391991394,1391991394,1391991401,1391996680,0,default,17.5966
2493094,unikitty,UCB00000267,janus-small,1,12,86400,32585,22056kb,5290,1391991388,1391991388,1391991401,1391996691,0,default,17.6333
2493092,unikitty,UCB00000267,janus-small,1,12,86400,32614,20016kb,5291,1391991384,1391991384,1391991401,1391996693,0,default,17.6366
2493097,unikitty,UCB00000267,janus-small,1,12,86400,32534,20020kb,5309,1391991393,1391991393,1391991401,1391996709,0,default,17.6966
2493108,unikitty,UCB00000267,janus-small,1,12,86400,32019,26132kb,5205,1391991681,1391991681,1391991691,1391996896,0,default,17.3500
2493104,unikitty,UCB00000267,janus-small,1,12,86400,32242,24080kb,5234,1391991674,1391991674,1391991691,1391996924,0,default,17.4466
2493129,hansolo,UCB00000164,janus-debug,1,12,120,78,0kb,10,1391996898,1391996898,1391996925,1391996935,0,default,.0333
2493086,unikitty,UCB00000267,janus-small,4,12,86400,63834,61368kb,5760,1391991146,1391991146,1391991175,1391996935,0,default,76.8000
2493083,unikitty,UCB00000267,janus-small,4,12,86400,64167,61576kb,5803,1391991140,1391991140,1391991142,1391996946,0,default,77.3733
2488089,lucy,UCB00000178,crc-gpu,1,1,14400,12976,418804kb,13001,1391793145,1391979191,1391983940,1391996942,0,singlejob,43.3366
2493100,unikitty,UCB00000267,janus-small,1,12,86400,32473,24096kb,5273,1391991666,1391991666,1391991691,1391996963,0,default,17.5766
2493102,unikitty,UCB00000267,janus-small,1,12,86400,32429,22060kb,5263,1391991671,1391991671,1391991691,1391996957,0,default,17.5433
2493090,unikitty,UCB00000267,janus-small,4,12,86400,63790,68432kb,5781,1391991164,1391991164,1391991175,1391996957,0,default,77.0800
2493105,unikitty,UCB00000267,janus-small,1,12,86400,32451,22052kb,5278,1391991676,1391991676,1391991691,1391996969,0,default,17.5933
2493107,unikitty,UCB00000267,janus-small,1,12,86400,32520,20000kb,5276,1391991680,1391991680,1391991691,1391996968,0,default,17.5866
2493106,unikitty,UCB00000267,janus-small,1,12,86400,32445,26144kb,5280,1391991678,1391991678,1391991691,1391996971,0,default,17.6000
2493101,unikitty,UCB00000267,janus-small,1,12,86400,32560,21640kb,5279,1391991668,1391991668,1391991691,1391996970,0,default,17.5966
2493103,unikitty,UCB00000267,janus-small,1,12,86400,32530,24100kb,5285,1391991673,1391991673,1391991691,1391996976,0,default,17.6166
2493087,unikitty,UCB00000267,janus-small,4,12,86400,64024,63624kb,5806,1391991148,1391991148,1391991175,1391996981,0,default,77.4133
2493088,unikitty,UCB00000267,janus-small,4,12,86400,64279,63436kb,5824,1391991149,1391991149,1391991175,1391996999,0,default,77.6533
2493084,unikitty,UCB00000267,janus-small,4,12,86400,64119,63696kb,5824,1391991143,1391991143,1391991175,1391996999,0,default,77.6533
2493082,unikitty,UCB00000267,janus-small,4,12,86400,64161,71848kb,5855,1391991138,1391991138,1391991142,1391996997,0,default,78.0666
2493089,unikitty,UCB00000267,janus-small,4,12,86400,64432,74588kb,5843,1391991160,1391991160,1391991175,1391997019,0,default,77.9066
2493096,unikitty,UCB00000267,janus-small,1,12,86400,32471,20020kb,5266,1391991391,1391991391,1391991787,1391997053,0,default,17.5533
2493085,unikitty,UCB00000267,janus-small,4,12,86400,64289,63508kb,5831,1391991145,1391991145,1391991240,1391997072,0,default,77.7466
2493134,emmet,S00000246,janus-short,1,1,14400,22,20gb,24,1391997119,1391997119,1391997151,1391997175,137,default,.0066
2493133,emmet,S00000246,janus-short,1,1,14400,22,20gb,24,1391997119,1391997119,1391997151,1391997175,137,default,.0066
2493132,emmet,S00000246,janus-short,1,1,14400,23,20gb,24,1391997119,1391997119,1391997151,1391997175,137,default,.0066
2493131,emmet,S00000246,janus-short,1,1,14400,23,20gb,25,1391997119,1391997119,1391997151,1391997175,137,default,.0069
2493137,emmet,S00000246,janus-short,1,1,14400,22,20gb,23,1391997120,1391997120,1391997183,1391997206,137,default,.0063
2493138,emmet,S00000246,janus-short,1,1,14400,22,20gb,24,1391997120,1391997120,1391997183,1391997207,137,default,.0066
2493135,emmet,S00000246,janus-short,1,1,14400,22,20gb,25,1391997119,1391997119,1391997183,1391997207,137,default,.0069
2493139,emmet,S00000246,janus-short,1,1,14400,22,20gb,24,1391997120,1391997120,1391997183,1391997207,137,default,.0066
2493136,emmet,S00000246,janus-short,1,1,14400,22,20gb,23,1391997119,1391997119,1391997183,1391997207,137,default,.0063
2493140,emmet,S00000246,janus-short,1,1,14400,24,20gb,25,1391997120,1391997120,1391997215,1391997240,137,default,.0069
2491009,gandalf,UCB00000178,janus-small,1,12,86400,826492,126196kb,69705,1391858667,1391927801,1391927821,1391997525,0,singlejob,232.3500
2493142,hansolo,UCB00000164,janus-debug,1,12,120,81,0kb,10,1391997538,1391997538,1391997568,1391997578,0,default,.0333
2493146,emmet,S00000246,janus-short,1,1,14400,22,20gb,25,1391997770,1391997770,1391997797,1391997822,137,default,.0069
2493145,emmet,S00000246,janus-short,1,1,14400,22,20gb,25,1391997770,1391997770,1391997797,1391997822,137,default,.0069
2493147,emmet,S00000246,janus-short,1,1,14400,23,20gb,27,1391997771,1391997771,1391997797,1391997823,137,default,.0075
2493144,emmet,S00000246,janus-short,1,1,14400,22,20gb,26,1391997770,1391997770,1391997797,1391997822,137,default,.0072
2493150,emmet,S00000246,janus-short,1,1,14400,22,20gb,25,1391997771,1391997771,1391997828,1391997852,137,default,.0069
2493148,emmet,S00000246,janus-short,1,1,14400,22,20gb,25,1391997771,1391997771,1391997828,1391997853,137,default,.0069
2493151,emmet,S00000246,janus-short,1,1,14400,22,20gb,25,1391997771,1391997771,1391997828,1391997853,137,default,.0069
2493152,emmet,S00000246,janus-short,1,1,14400,22,20gb,24,1391997771,1391997771,1391997828,1391997852,137,default,.0066
2493149,emmet,S00000246,janus-short,1,1,14400,24,20gb,30,1391997771,1391997771,1391997828,1391997857,137,default,.0083
2493153,emmet,S00000246,janus-short,1,1,14400,23,20gb,25,1391997772,1391997772,1391997860,1391997884,137,default,.0069
2493154,hansolo,UCB00000164,janus-debug,1,12,120,84,1375644kb,12,1391998124,1391998124,1391998150,1391998161,0,default,.0400
2492412,metalbeard,S00000232,janus-small,1,12,36000,105219,264744kb,8873,1391885610,1391989389,1391989405,1391998278,0,default,29.5766
2492538,gandalf,UCB00000233,janus-long,1,1,180000,109660,16628kb,110012,1391888570,1391888570,1391888573,1391998586,0,default,30.5588
2493166,hansolo,UCB00000164,janus-debug,1,12,120,83,0kb,10,1391998797,1391998797,1391998824,1391998834,0,default,.0333
2493130,emmet,S00000246,janus-short,1,1,14400,2197,20gb,1970,1391997119,1391997119,1391997151,1391999121,137,default,.5472
2493177,hansolo,UCB00000164,janus-debug,1,12,120,86,0kb,10,1391999245,1391999245,1391999275,1391999285,0,default,.0333
2492371,metalbeard,S00000232,janus-small,1,12,36000,106057,245572kb,8942,1391885569,1391991478,1391991498,1392000439,0,default,29.8066
2493170,emmet,S00000246,janus-short,1,1,14400,1944,20gb,1705,1391998882,1391998882,1391998889,1392000594,137,default,.4736
2493168,emmet,S00000246,janus-short,1,1,14400,1955,20gb,1722,1391998882,1391998882,1391998889,1392000610,137,default,.4783
2493169,emmet,S00000246,janus-short,1,1,14400,2002,20gb,1774,1391998882,1391998882,1391998889,1392000662,137,default,.4927
2493172,emmet,S00000246,janus-short,1,1,14400,2029,20gb,1788,1391998883,1391998883,1391998889,1392000677,137,default,.4966
2493173,emmet,S00000246,janus-short,1,1,14400,2008,20gb,1751,1391998883,1391998883,1391998922,1392000672,137,default,.4863
2493180,hansolo,UCB00000164,janus-debug,3,12,3600,54681,2230720kb,1909,1391999813,1391999813,1391999819,1392001728,0,default,19.0900
2493143,emmet,S00000246,janus-short,1,1,14400,4647,20gb,4066,1391997770,1391997770,1391997797,1392001862,137,default,1.1294
2493159,emmet,S00000246,janus-short,1,1,14400,3739,20gb,3275,1391998596,1391998596,1391998599,1392001874,137,default,.9097
2493165,emmet,S00000246,janus-short,1,1,14400,3733,20gb,3248,1391998597,1391998597,1391998664,1392001912,137,default,.9022
2493163,emmet,S00000246,janus-short,1,1,14400,3770,20gb,3285,1391998597,1391998597,1391998633,1392001917,137,default,.9125
2493162,emmet,S00000246,janus-short,1,1,14400,3828,20gb,3366,1391998597,1391998597,1391998633,1392001998,137,default,.9350
2493161,emmet,S00000246,janus-short,1,1,14400,3835,20gb,3380,1391998596,1391998596,1391998633,1392002012,137,default,.9388
2493158,emmet,S00000246,janus-short,1,1,14400,3956,20gb,3491,1391998596,1391998596,1391998599,1392002090,137,default,.9697
2493157,emmet,S00000246,janus-short,1,1,14400,3962,20gb,3508,1391998596,1391998596,1391998599,1392002106,137,default,.9744
2493164,emmet,S00000246,janus-short,1,1,14400,3995,20gb,3518,1391998597,1391998597,1391998633,1392002151,137,default,.9772
2493160,emmet,S00000246,janus-short,1,1,14400,4009,20gb,3539,1391998596,1391998596,1391998633,1392002171,137,default,.9830
2493189,emmet,S00000246,janus-short,1,1,14400,1916,20gb,1697,1392000712,1392000712,1392000751,1392002448,137,default,.4713
2493186,emmet,S00000246,janus-short,1,1,14400,1907,20gb,1701,1392000711,1392000711,1392000751,1392002452,137,default,.4725
2493185,emmet,S00000246,janus-short,1,1,14400,1950,20gb,1743,1392000711,1392000711,1392000719,1392002462,137,default,.4841
2493184,emmet,S00000246,janus-short,1,1,14400,1956,20gb,1748,1392000711,1392000711,1392000719,1392002466,137,default,.4855
2493182,emmet,S00000246,janus-short,1,1,14400,2024,20gb,1788,1392000710,1392000710,1392000719,1392002507,137,default,.4966
2493183,emmet,S00000246,janus-short,1,1,14400,1996,20gb,1783,1392000711,1392000711,1392000719,1392002502,137,default,.4952
2493187,emmet,S00000246,janus-short,1,1,14400,1964,20gb,1761,1392000711,1392000711,1392000751,1392002511,137,default,.4891
2493190,emmet,S00000246,janus-short,1,1,14400,1979,20gb,1773,1392000712,1392000712,1392000751,1392002524,137,default,.4925
2493188,emmet,S00000246,janus-short,1,1,14400,1992,20gb,1784,1392000711,1392000711,1392000751,1392002535,137,default,.4955
2493156,emmet,S00000246,janus-short,1,1,14400,4713,20gb,4146,1391998595,1391998595,1391998599,1392002745,137,default,1.1516
2493171,emmet,S00000246,janus-short,1,1,14400,4694,20gb,4077,1391998882,1391998882,1391998889,1392002966,137,default,1.1325
2493174,emmet,S00000246,janus-short,1,1,14400,4679,20gb,4077,1391998883,1391998883,1391998922,1392002998,137,default,1.1325
2493155,emmet,S00000246,janus-short,1,1,14400,4967,20gb,4396,1391998595,1391998595,1391998599,1392002995,137,default,1.2211
2493175,emmet,S00000246,janus-short,1,1,14400,4675,20gb,4085,1391998883,1391998883,1391998922,1392003006,137,default,1.1347
2493056,badcop,S00000272,himem,1,12,14400,172927,24280888kb,14420,1391988864,1391988864,1391988891,1392003311,-11,default,48.0666
2493057,badcop,S00000272,himem,1,12,14400,172857,24003832kb,14413,1391988977,1391988977,1391988988,1392003401,-11,default,48.0433
2493058,badcop,S00000272,himem,1,12,14400,173143,23814124kb,14439,1391989023,1391989023,1391989052,1392003491,-11,default,48.1300
2493181,emmet,S00000246,janus-short,1,1,14400,4118,20gb,3749,1392000710,1392000710,1392000719,1392004468,137,default,1.0413
2493011,gandalf,UCB00000178,crc-gpu,1,12,14340,12164,930328kb,12190,1391981490,1391981490,1391992944,1392005133,0,singlejob,40.6333
2492980,gandalf,S00000262,janus-small,1,12,86400,341902,2206512kb,28861,1391976334,1391976334,1391976359,1392005220,0,default,96.2033
2492413,metalbeard,S00000232,janus-small,1,12,36000,97547,279764kb,8231,1391885610,1391998278,1391998311,1392006541,0,default,27.4366
2492330,metalbeard,S00000232,janus-small,1,12,36000,179680,257360kb,15094,1391885556,1391992970,1391992976,1392008069,0,default,50.3133
2493207,badcop,S00000272,janus-small,1,12,14400,7,0kb,88,1392008329,1392008329,1392008336,1392008423,0,default,.2933
2493198,badcop,S00000272,himem,1,12,43200,32883,23208700kb,2779,1392005713,1392005713,1392005733,1392008512,271,default,9.2633
2493199,badcop,S00000272,himem,1,12,43200,32817,23165116kb,2750,1392005762,1392005762,1392005765,1392008516,271,default,9.1666
2493200,badcop,S00000272,himem,1,12,43200,32468,23118624kb,2723,1392005789,1392005789,1392005797,1392008520,271,default,9.0766
2493204,badcop,S00000272,janus-small,1,12,14400,7,0kb,318,1392008239,1392008239,1392008272,1392008589,0,default,1.0600
2493205,badcop,S00000272,janus-small,1,12,14400,7,6076kb,317,1392008267,1392008267,1392008272,1392008588,0,default,1.0566
2493201,gail,UCB00000256,janus-small,18,12,28800,0,0kb,0,1392007772,1392007772,1392008303,1392008589,0,default,0
2493206,badcop,S00000272,janus-small,1,12,14400,7,0kb,306,1392008317,1392008317,1392008336,1392008650,0,default,1.0200
2493127,batman,ME00002014,janus-short,100,12,14400,170194,2071572kb,14432,1391994331,1391994331,1391994358,1392008790,-11,default,4810.6666
2488377,wyldstyle,S00000212,janus-long,1,12,432000,1036170,17692kb,138835,1391798466,1391798466,1391870204,1392009038,0,default,462.7833
2493209,badcop,S00000272,janus-small,1,12,14400,4762,6115516kb,700,1392008348,1392008348,1392008368,1392009067,0,default,2.3333
2493210,badcop,S00000272,janus-small,1,12,14400,4812,6245572kb,688,1392008394,1392008394,1392008399,1392009087,0,default,2.2933
2493208,badcop,S00000272,janus-small,1,12,14400,4801,6314592kb,770,1392008339,1392008339,1392008368,1392009137,0,default,2.5666
2493211,badcop,S00000272,janus-small,1,12,14400,4714,6010720kb,745,1392008422,1392008422,1392008435,1392009180,0,default,2.4833
2493212,badcop,S00000272,janus-small,1,12,14400,4684,6316828kb,749,1392008466,1392008466,1392008501,1392009258,0,default,2.4966
2492372,metalbeard,S00000232,janus-small,1,12,36000,107373,242440kb,9060,1391885569,1392000439,1392000462,1392009521,0,default,30.2000
2488117,lucy,UCB00000178,crc-gpu,1,1,14400,12962,433896kb,12987,1391793895,1391983935,1391996958,1392009946,0,singlejob,43.2900
2493288,badcop,S00000272,janus-small,1,12,14400,13019,6334156kb,1311,1392008778,1392008778,1392008786,1392010098,0,default,4.3700
2493215,emmet,S00000246,janus-short,1,1,14400,1980,20gb,1752,1392008474,1392008474,1392008502,1392010253,137,default,.4866
2493216,emmet,S00000246,janus-short,1,1,14400,2008,20gb,1769,1392008474,1392008474,1392008501,1392010269,137,default,.4913
2493229,emmet,S00000246,janus-short,1,1,14400,1897,20gb,1693,1392008476,1392008476,1392008602,1392010295,137,default,.4702
2493228,emmet,S00000246,janus-short,1,1,14400,1894,20gb,1684,1392008476,1392008476,1392008602,1392010286,137,default,.4677
2493232,emmet,S00000246,janus-short,1,1,14400,1926,20gb,1696,1392008526,1392008526,1392008602,1392010297,137,default,.4711
2493217,emmet,S00000246,janus-short,1,1,14400,2050,20gb,1802,1392008474,1392008474,1392008501,1392010303,137,default,.5005
2493214,emmet,S00000246,janus-short,1,1,14400,2055,20gb,1826,1392008473,1392008473,1392008501,1392010326,137,default,.5072
2493225,emmet,S00000246,janus-short,1,1,14400,1965,20gb,1758,1392008475,1392008475,1392008570,1392010328,137,default,.4883
2493226,emmet,S00000246,janus-short,1,1,14400,1986,20gb,1777,1392008476,1392008476,1392008571,1392010347,137,default,.4936
2493227,emmet,S00000246,janus-short,1,1,14400,1997,20gb,1780,1392008476,1392008476,1392008571,1392010350,137,default,.4944
2493224,emmet,S00000246,janus-short,1,1,14400,2023,20gb,1796,1392008475,1392008475,1392008570,1392010365,137,default,.4988
2493241,emmet,S00000246,janus-short,1,1,14400,1942,20gb,1716,1392008527,1392008527,1392008667,1392010383,137,default,.4766
2493223,emmet,S00000246,janus-short,1,1,14400,2033,20gb,1817,1392008475,1392008475,1392008570,1392010387,137,default,.5047
2493233,emmet,S00000246,janus-short,1,1,14400,1998,20gb,1775,1392008526,1392008526,1392008634,1392010410,137,default,.4930
2493234,emmet,S00000246,janus-short,1,1,14400,2019,20gb,1778,1392008526,1392008526,1392008634,1392010412,137,default,.4938
2493242,emmet,S00000246,janus-short,1,1,14400,1986,20gb,1770,1392008527,1392008527,1392008667,1392010436,137,default,.4916
2493253,emmet,S00000246,janus-short,1,1,14400,1942,20gb,1703,1392008542,1392008542,1392008730,1392010433,137,default,.4730
2493243,emmet,S00000246,janus-short,1,1,14400,1958,20gb,1743,1392008527,1392008527,1392008698,1392010441,137,default,.4841
2493240,emmet,S00000246,janus-short,1,1,14400,2024,20gb,1791,1392008527,1392008527,1392008667,1392010457,137,default,.4975
2493245,emmet,S00000246,janus-short,1,1,14400,1982,20gb,1771,1392008528,1392008528,1392008698,1392010469,137,default,.4919
2493250,emmet,S00000246,janus-short,1,1,14400,1967,20gb,1742,1392008542,1392008542,1392008730,1392010472,137,default,.4838
2493267,emmet,S00000246,janus-short,1,1,14400,1895,20gb,1689,1392008545,1392008545,1392008790,1392010477,137,default,.4691
2493263,emmet,S00000246,janus-short,1,1,14400,1916,20gb,1703,1392008544,1392008544,1392008790,1392010490,137,default,.4730
2493260,emmet,S00000246,janus-short,1,1,14400,1929,20gb,1704,1392008543,1392008543,1392008787,1392010490,137,default,.4733
2493248,emmet,S00000246,janus-short,1,1,14400,1969,20gb,1760,1392008528,1392008528,1392008730,1392010490,137,default,.4888
2493269,emmet,S00000246,janus-short,1,1,14400,1919,20gb,1697,1392008554,1392008554,1392008791,1392010487,137,default,.4713
2493244,emmet,S00000246,janus-short,1,1,14400,2010,20gb,1800,1392008528,1392008528,1392008698,1392010498,137,default,.5000
2493251,emmet,S00000246,janus-short,1,1,14400,2008,20gb,1778,1392008542,1392008542,1392008730,1392010507,137,default,.4938
2493252,emmet,S00000246,janus-short,1,1,14400,2010,20gb,1783,1392008542,1392008542,1392008730,1392010512,137,default,.4952
2472745,metalbeard,S00000232,janus-small,1,12,21600,172427,270180kb,14715,1391642496,1391995769,1391995800,1392010515,0,default,49.0500
2493247,emmet,S00000246,janus-short,1,1,14400,2037,20gb,1834,1392008528,1392008528,1392008699,1392010532,137,default,.5094
2493292,business,CS00000002,janus-debug,86,12,3600,0,0kb,0,1392009512,1392009512,1392010044,1392010533,0,singlejob,0
2493293,business,CS00000002,janus-debug,86,12,3600,968039,537867540kb,966,1392009558,1392009558,1392009562,1392010530,271,singlejob,276.9200
2493246,emmet,S00000246,janus-short,1,1,14400,2051,20gb,1843,1392008528,1392008528,1392008698,1392010542,137,default,.5119
2493264,emmet,S00000246,janus-short,1,1,14400,1979,20gb,1770,1392008544,1392008544,1392008790,1392010558,137,default,.4916
2493202,gail,UCB00000256,janus-small,18,12,28800,400019,86607652kb,2660,1392007841,1392007841,1392007886,1392010552,0,default,159.6000
2493265,emmet,S00000246,janus-short,1,1,14400,1978,20gb,1777,1392008544,1392008544,1392008790,1392010565,137,default,.4936
2493259,emmet,S00000246,janus-short,1,1,14400,2008,20gb,1783,1392008543,1392008543,1392008787,1392010569,137,default,.4952
2493262,emmet,S00000246,janus-short,1,1,14400,1997,20gb,1782,1392008544,1392008544,1392008787,1392010568,137,default,.4950
2493261,emmet,S00000246,janus-short,1,1,14400,1995,20gb,1786,1392008544,1392008544,1392008787,1392010572,137,default,.4961
2493277,emmet,S00000246,janus-short,1,1,14400,2017,20gb,1787,1392008555,1392008555,1392008793,1392010579,137,default,.4963
2493266,emmet,S00000246,janus-short,1,1,14400,2000,20gb,1791,1392008544,1392008544,1392008790,1392010580,137,default,.4975
2493230,emmet,S00000246,janus-short,1,1,14400,2187,20gb,1980,1392008476,1392008476,1392008602,1392010582,137,default,.5500
2493270,emmet,S00000246,janus-short,1,1,14400,2111,20gb,1872,1392008554,1392008554,1392008791,1392010662,137,default,.5200
2493268,emmet,S00000246,janus-short,1,1,14400,2107,20gb,1871,1392008554,1392008554,1392008791,1392010661,137,default,.5197
2492537,gandalf,UCB00000233,janus-long,1,1,180000,121874,15080kb,122257,1391888481,1391888481,1391888510,1392010766,0,default,33.9602
2493282,emmet,S00000246,janus-short,1,1,14400,2317,20gb,2119,1392008556,1392008556,1392008825,1392010944,137,default,.5886
2493280,emmet,S00000246,janus-short,1,1,14400,2248,20gb,2122,1392008556,1392008556,1392008825,1392010946,137,default,.5894
2493281,emmet,S00000246,janus-short,1,1,14400,2269,20gb,2149,1392008556,1392008556,1392008825,1392010973,137,default,.5969
2493278,emmet,S00000246,janus-short,1,1,14400,2300,20gb,2152,1392008556,1392008556,1392008825,1392010977,137,default,.5977
2493279,emmet,S00000246,janus-short,1,1,14400,2430,20gb,2219,1392008556,1392008556,1392008825,1392011043,137,default,.6163
2493283,emmet,S00000246,janus-short,1,1,14400,2437,20gb,2198,1392008556,1392008556,1392008860,1392011057,137,default,.6105
2493284,emmet,S00000246,janus-short,1,1,14400,2348,20gb,2201,1392008556,1392008556,1392008858,1392011058,137,default,.6113
2493285,emmet,S00000246,janus-short,1,1,14400,2430,20gb,2235,1392008557,1392008557,1392008858,1392011093,137,default,.6208
2493296,business,CS00000002,janus-debug,86,12,3600,0,0kb,0,1392010585,1392010585,1392011101,1392011383,0,singlejob,0
2493203,gail,UCB00000256,janus-small,18,12,28800,623527,83139976kb,3618,1392007890,1392007890,1392007918,1392011536,0,default,217.0800
2493297,business,CS00000002,janus-debug,86,12,3600,240137,725907632kb,268,1392010612,1392010612,1392011261,1392011544,0,singlejob,76.8266
2493289,badcop,S00000272,janus-small,1,12,14400,27317,6305964kb,2870,1392008787,1392008787,1392008790,1392011658,0,default,9.5666
2492929,vitruvius,UCB00000261,janus-small,1,12,86400,240591,110656kb,38581,1391972944,1391972944,1391973084,1392011664,0,default,128.6033
2493235,emmet,S00000246,janus-short,1,1,14400,3588,20gb,3175,1392008526,1392008526,1392008634,1392011809,137,default,.8819
2493231,emmet,S00000246,janus-short,1,1,14400,3674,20gb,3250,1392008525,1392008525,1392008602,1392011852,137,default,.9027
2493237,emmet,S00000246,janus-short,1,1,14400,3806,20gb,3304,1392008526,1392008526,1392008634,1392011938,137,default,.9177
2493295,hansolo,UCB00000164,janus-debug,3,12,3600,47479,2219544kb,1433,1392010526,1392010526,1392010560,1392011994,0,default,14.3300
2493213,emmet,S00000246,janus-short,1,1,14400,3989,20gb,3509,1392008473,1392008473,1392008501,1392012009,137,default,.9747
2493254,emmet,S00000246,janus-short,1,1,14400,3773,20gb,3277,1392008542,1392008542,1392008763,1392012040,137,default,.9102
2493272,emmet,S00000246,janus-short,1,1,14400,3754,20gb,3276,1392008555,1392008555,1392008791,1392012066,137,default,.9100
2493222,emmet,S00000246,janus-short,1,1,14400,3937,20gb,3552,1392008475,1392008475,1392008535,1392012086,137,default,.9866
2493255,emmet,S00000246,janus-short,1,1,14400,3814,20gb,3413,1392008543,1392008543,1392008763,1392012176,137,default,.9480
2493299,batman,ME00002014,janus-short,100,12,14400,0,0kb,0,1392012254,1392012254,1392012258,1392012414,0,default,0
2493300,batman,ME00002014,janus-short,100,12,14400,0,0kb,0,1392012257,1392012257,1392012291,1392012425,0,default,0
2493290,badcop,S00000272,janus-small,1,12,14400,37789,6413560kb,3729,1392008797,1392008797,1392008825,1392012553,0,default,12.4300
2493302,batman,ME00002014,janus-short,100,12,14400,0,0kb,0,1392012481,1392012481,1392012483,1392012568,0,default,0
2493221,emmet,S00000246,janus-short,1,1,14400,4713,20gb,4159,1392008475,1392008475,1392008535,1392012693,137,default,1.1552
2493220,emmet,S00000246,janus-short,1,1,14400,4795,20gb,4181,1392008474,1392008474,1392008535,1392012715,137,default,1.1613
2493219,emmet,S00000246,janus-short,1,1,14400,4814,20gb,4203,1392008474,1392008474,1392008535,1392012737,137,default,1.1675
2493276,emmet,S00000246,janus-short,1,1,14400,4427,20gb,3947,1392008555,1392008555,1392008792,1392012739,137,default,1.0963
2493257,emmet,S00000246,janus-short,1,1,14400,4673,20gb,4086,1392008543,1392008543,1392008763,1392012849,137,default,1.1350
2493271,emmet,S00000246,janus-short,1,1,14400,4646,20gb,4070,1392008554,1392008554,1392008791,1392012861,137,default,1.1305
2493218,emmet,S00000246,janus-short,1,1,14400,4934,20gb,4326,1392008474,1392008474,1392008535,1392012860,137,default,1.2016
2493236,emmet,S00000246,janus-short,1,1,14400,4853,20gb,4241,1392008526,1392008526,1392008634,1392012876,137,default,1.1780
2493238,emmet,S00000246,janus-short,1,1,14400,4843,20gb,4217,1392008527,1392008527,1392008667,1392012884,137,default,1.1713
2493274,emmet,S00000246,janus-short,1,1,14400,4745,20gb,4123,1392008555,1392008555,1392008792,1392012916,137,default,1.1452
2493275,emmet,S00000246,janus-short,1,1,14400,4738,20gb,4147,1392008555,1392008555,1392008792,1392012939,137,default,1.1519
2493258,emmet,S00000246,janus-short,1,1,14400,4674,20gb,4189,1392008543,1392008543,1392008763,1392012952,137,default,1.1636
2493273,emmet,S00000246,janus-short,1,1,14400,4794,20gb,4207,1392008555,1392008555,1392008792,1392012999,137,default,1.1686
2493256,emmet,S00000246,janus-short,1,1,14400,4865,20gb,4245,1392008543,1392008543,1392008763,1392013008,137,default,1.1791
2493294,business,CS00000002,janus-debug,86,12,3600,3675484,1030023288kb,3615,1392009586,1392009586,1392009594,1392013211,-11,singlejob,1036.3000
2493307,batman,ME00002014,janus-short,100,12,14400,0,0kb,0,1392013019,1392013019,1392013534,1392013565,-1,default,0
2493308,business,CS00000002,janus-debug,86,12,3600,0,0kb,0,1392013531,1392013531,1392013534,1392013624,0,singlejob,0
2493291,badcop,S00000272,janus-small,1,12,14400,47828,6340920kb,4807,1392008808,1392008808,1392008825,1392013631,0,default,16.0233
2493305,batman,ME00002014,janus-short,100,12,14400,0,0kb,0,1392012582,1392012582,1392013631,1392013712,0,default,0
